fecha,tienda,país,descargas
2026-05-21,Google Play,MX,8
2026-05-22,Google Play,MX,4
2026-05-23,Google Play,MX,3
2026-05-24,Google Play,MX,1
2026-05-25,Google Play,MX,0
2026-05-26,Google Play,MX,2
2026-05-27,Google Play,MX,0
2026-05-28,Google Play,MX,1
2026-05-29,Google Play,MX,1
2026-05-30,Google Play,MX,1
2026-05-31,Google Play,MX,0
2026-06-01,Google Play,MX,1
2026-06-02,Google Play,MX,0
2026-06-03,Google Play,MX,2
2026-06-04,Google Play,MX,0
2026-06-05,Google Play,MX,1
2026-06-06,Google Play,MX,0
2026-06-07,Google Play,MX,0
2026-06-08,Google Play,MX,0
2026-06-09,Google Play,MX,16
2026-06-10,Google Play,MX,3
2026-06-11,Google Play,??,1
2026-06-11,Google Play,BR,1
2026-06-11,Google Play,ES,0
2026-06-11,Google Play,MX,2
2026-06-11,Google Play,US,1
2026-06-12,Google Play,ES,0
2026-06-12,Google Play,MX,4
2026-06-13,Google Play,CL,1
2026-06-13,Google Play,ES,1
2026-06-13,Google Play,IT,3
2026-06-13,Google Play,LB,2
2026-06-13,Google Play,MX,15
2026-06-13,Google Play,VE,0
2026-06-14,Google Play,CL,0
2026-06-14,Google Play,ES,0
2026-06-14,Google Play,IT,2
2026-06-14,Google Play,LB,0
2026-06-14,Google Play,MX,12
2026-06-14,Google Play,VE,0
2026-06-15,App Store,CO,1
2026-06-15,App Store,MX,72
2026-06-15,App Store,PE,2
2026-06-15,App Store,US,3
2026-06-15,Google Play,BR,1
2026-06-15,Google Play,CL,0
2026-06-15,Google Play,ES,0
2026-06-15,Google Play,IT,1
2026-06-15,Google Play,LB,0
2026-06-15,Google Play,MX,11
2026-06-15,Google Play,PR,1
2026-06-15,Google Play,US,3
2026-06-15,Google Play,VE,0
2026-06-16,App Store,CR,1
2026-06-16,App Store,ES,3
2026-06-16,App Store,MX,42
2026-06-16,App Store,US,4
2026-06-16,Google Play,BR,0
2026-06-16,Google Play,CL,0
2026-06-16,Google Play,ES,0
2026-06-16,Google Play,IT,0
2026-06-16,Google Play,LB,0
2026-06-16,Google Play,MX,18
2026-06-16,Google Play,PR,4
2026-06-16,Google Play,US,0
2026-06-16,Google Play,VE,0
2026-06-17,App Store,IT,1
2026-06-17,App Store,MX,25
2026-06-17,App Store,PL,1
2026-06-17,App Store,US,1
2026-06-17,Google Play,BR,0
2026-06-17,Google Play,CL,0
2026-06-17,Google Play,ES,0
2026-06-17,Google Play,IT,0
2026-06-17,Google Play,LB,0
2026-06-17,Google Play,MX,2
2026-06-17,Google Play,PR,0
2026-06-17,Google Play,US,0
2026-06-17,Google Play,VE,0
2026-06-18,App Store,CO,1
2026-06-18,App Store,ES,1
2026-06-18,App Store,MX,22
2026-06-18,App Store,US,5
2026-06-18,App Store,VE,1
2026-06-18,Google Play,BR,0
2026-06-18,Google Play,CL,0
2026-06-18,Google Play,ES,0
2026-06-18,Google Play,IL,0
2026-06-18,Google Play,IT,0
2026-06-18,Google Play,LB,0
2026-06-18,Google Play,MX,9
2026-06-18,Google Play,PE,1
2026-06-18,Google Play,PR,0
2026-06-18,Google Play,US,0
2026-06-18,Google Play,VE,0
2026-06-19,App Store,MX,2
2026-06-19,App Store,US,1
2026-06-19,Google Play,BR,0
2026-06-19,Google Play,CL,0
2026-06-19,Google Play,ES,0
2026-06-19,Google Play,IL,0
2026-06-19,Google Play,IT,1
2026-06-19,Google Play,LB,0
2026-06-19,Google Play,MX,2
2026-06-19,Google Play,PE,0
2026-06-19,Google Play,PR,1
2026-06-19,Google Play,US,0
2026-06-19,Google Play,VE,0
2026-06-20,App Store,AR,1
2026-06-20,App Store,GB,1
2026-06-20,App Store,MX,9
2026-06-20,App Store,SV,1
2026-06-20,App Store,US,4
2026-06-20,Google Play,BR,0
2026-06-20,Google Play,CL,0
2026-06-20,Google Play,DO,1
2026-06-20,Google Play,ES,0
2026-06-20,Google Play,GT,2
2026-06-20,Google Play,IL,0
2026-06-20,Google Play,IT,0
2026-06-20,Google Play,LB,0
2026-06-20,Google Play,MX,5
2026-06-20,Google Play,PE,0
2026-06-20,Google Play,PR,2
2026-06-20,Google Play,US,1
2026-06-20,Google Play,VE,1
2026-06-21,App Store,IT,1
2026-06-21,App Store,MX,11
2026-06-21,App Store,US,1
2026-06-21,Google Play,BR,0
2026-06-21,Google Play,CL,0
2026-06-21,Google Play,DO,0
2026-06-21,Google Play,ES,0
2026-06-21,Google Play,GT,0
2026-06-21,Google Play,IL,0
2026-06-21,Google Play,IT,0
2026-06-21,Google Play,LB,0
2026-06-21,Google Play,MX,2
2026-06-21,Google Play,PE,0
2026-06-21,Google Play,PR,0
2026-06-21,Google Play,US,0
2026-06-21,Google Play,VE,0
2026-06-22,App Store,MX,10
2026-06-22,Google Play,BR,0
2026-06-22,Google Play,CL,0
2026-06-22,Google Play,DO,0
2026-06-22,Google Play,ES,0
2026-06-22,Google Play,GT,0
2026-06-22,Google Play,IL,0
2026-06-22,Google Play,IT,0
2026-06-22,Google Play,LB,0
2026-06-22,Google Play,MX,2
2026-06-22,Google Play,PE,0
2026-06-22,Google Play,PR,0
2026-06-22,Google Play,US,0
2026-06-22,Google Play,VE,0
2026-06-23,App Store,MX,20
2026-06-23,App Store,US,3
2026-06-23,Google Play,BR,0
2026-06-23,Google Play,CL,0
2026-06-23,Google Play,CR,1
2026-06-23,Google Play,DO,0
2026-06-23,Google Play,ES,0
2026-06-23,Google Play,GT,0
2026-06-23,Google Play,IL,0
2026-06-23,Google Play,IT,0
2026-06-23,Google Play,LB,0
2026-06-23,Google Play,MX,9
2026-06-23,Google Play,PE,0
2026-06-23,Google Play,PR,0
2026-06-23,Google Play,US,0
2026-06-23,Google Play,VE,0
2026-06-24,App Store,MX,5
2026-06-24,App Store,US,1
2026-06-24,Google Play,BR,0
2026-06-24,Google Play,CL,0
2026-06-24,Google Play,CR,0
2026-06-24,Google Play,DO,0
2026-06-24,Google Play,ES,0
2026-06-24,Google Play,GT,0
2026-06-24,Google Play,IL,0
2026-06-24,Google Play,IT,0
2026-06-24,Google Play,LB,0
2026-06-24,Google Play,MX,2
2026-06-24,Google Play,PE,0
2026-06-24,Google Play,PR,0
2026-06-24,Google Play,US,0
2026-06-24,Google Play,VE,0
2026-06-25,App Store,MX,8
2026-06-25,App Store,US,1
2026-06-25,App Store,VE,1
2026-06-25,Google Play,BR,0
2026-06-25,Google Play,CL,0
2026-06-25,Google Play,CR,0
2026-06-25,Google Play,DO,0
2026-06-25,Google Play,ES,0
2026-06-25,Google Play,GT,0
2026-06-25,Google Play,IL,0
2026-06-25,Google Play,IT,0
2026-06-25,Google Play,LB,0
2026-06-25,Google Play,MX,5
2026-06-25,Google Play,PE,0
2026-06-25,Google Play,PR,0
2026-06-25,Google Play,US,0
2026-06-25,Google Play,VE,0
2026-06-26,App Store,MX,5
2026-06-26,App Store,US,2
2026-06-26,Google Play,BR,0
2026-06-26,Google Play,CL,0
2026-06-26,Google Play,CR,0
2026-06-26,Google Play,DO,0
2026-06-26,Google Play,ES,0
2026-06-26,Google Play,GT,0
2026-06-26,Google Play,IL,0
2026-06-26,Google Play,IT,0
2026-06-26,Google Play,LB,0
2026-06-26,Google Play,MX,1
2026-06-26,Google Play,PE,0
2026-06-26,Google Play,PR,0
2026-06-26,Google Play,US,1
2026-06-26,Google Play,VE,0
2026-06-27,App Store,MX,4
2026-06-27,App Store,US,1
2026-06-27,Google Play,BR,0
2026-06-27,Google Play,CL,0
2026-06-27,Google Play,CR,0
2026-06-27,Google Play,DO,0
2026-06-27,Google Play,ES,0
2026-06-27,Google Play,GT,0
2026-06-27,Google Play,IL,0
2026-06-27,Google Play,IT,0
2026-06-27,Google Play,LB,0
2026-06-27,Google Play,MX,1
2026-06-27,Google Play,PE,0
2026-06-27,Google Play,PR,0
2026-06-27,Google Play,TT,1
2026-06-27,Google Play,US,0
2026-06-27,Google Play,VE,0
2026-06-28,App Store,ES,1
2026-06-28,App Store,GT,1
2026-06-28,App Store,MX,5
2026-06-28,App Store,US,1
2026-06-28,Google Play,BR,0
2026-06-28,Google Play,CL,0
2026-06-28,Google Play,CR,0
2026-06-28,Google Play,DO,0
2026-06-28,Google Play,ES,0
2026-06-28,Google Play,GT,0
2026-06-28,Google Play,IL,0
2026-06-28,Google Play,IT,0
2026-06-28,Google Play,LB,0
2026-06-28,Google Play,MX,1
2026-06-28,Google Play,PE,0
2026-06-28,Google Play,PR,0
2026-06-28,Google Play,TT,0
2026-06-28,Google Play,US,0
2026-06-28,Google Play,VE,0
2026-06-29,App Store,MX,3
2026-06-29,Google Play,BR,0
2026-06-29,Google Play,CL,0
2026-06-29,Google Play,CR,0
2026-06-29,Google Play,DO,0
2026-06-29,Google Play,ES,0
2026-06-29,Google Play,GT,0
2026-06-29,Google Play,IL,0
2026-06-29,Google Play,IT,0
2026-06-29,Google Play,LB,0
2026-06-29,Google Play,MX,2
2026-06-29,Google Play,PE,0
2026-06-29,Google Play,PR,0
2026-06-29,Google Play,TT,0
2026-06-29,Google Play,US,0
2026-06-29,Google Play,VE,0
2026-06-30,App Store,CL,1
2026-06-30,App Store,GT,2
2026-06-30,App Store,MX,4
2026-06-30,Google Play,BR,0
2026-06-30,Google Play,CL,0
2026-06-30,Google Play,CR,0
2026-06-30,Google Play,DO,0
2026-06-30,Google Play,ES,0
2026-06-30,Google Play,GT,0
2026-06-30,Google Play,IL,0
2026-06-30,Google Play,IT,0
2026-06-30,Google Play,LB,0
2026-06-30,Google Play,MX,2
2026-06-30,Google Play,PE,0
2026-06-30,Google Play,PR,0
2026-06-30,Google Play,TT,0
2026-06-30,Google Play,US,0
2026-06-30,Google Play,VE,0
2026-07-01,App Store,CO,1
2026-07-01,App Store,GT,3
2026-07-01,App Store,MX,10
2026-07-01,App Store,US,2
2026-07-01,Google Play,??,1
2026-07-01,Google Play,BR,0
2026-07-01,Google Play,CL,0
2026-07-01,Google Play,CR,0
2026-07-01,Google Play,DO,0
2026-07-01,Google Play,ES,0
2026-07-01,Google Play,GT,1
2026-07-01,Google Play,IL,0
2026-07-01,Google Play,IT,0
2026-07-01,Google Play,LB,0
2026-07-01,Google Play,MX,1
2026-07-01,Google Play,PE,0
2026-07-01,Google Play,PR,0
2026-07-01,Google Play,SV,0
2026-07-01,Google Play,TT,0
2026-07-01,Google Play,US,0
2026-07-01,Google Play,VE,0
2026-07-02,App Store,BR,1
2026-07-02,App Store,ES,2
2026-07-02,App Store,MX,8
2026-07-02,Google Play,BR,0
2026-07-02,Google Play,CL,0
2026-07-02,Google Play,CR,0
2026-07-02,Google Play,DO,0
2026-07-02,Google Play,ES,0
2026-07-02,Google Play,GT,0
2026-07-02,Google Play,IL,0
2026-07-02,Google Play,IT,0
2026-07-02,Google Play,LB,0
2026-07-02,Google Play,MX,2
2026-07-02,Google Play,PE,0
2026-07-02,Google Play,PR,0
2026-07-02,Google Play,SV,0
2026-07-02,Google Play,TT,0
2026-07-02,Google Play,US,0
2026-07-02,Google Play,VE,0
2026-07-02,Google Play,ZA,1
2026-07-03,App Store,DK,1
2026-07-03,App Store,EC,1
2026-07-03,App Store,MX,2
2026-07-03,Google Play,BR,0
2026-07-03,Google Play,CL,0
2026-07-03,Google Play,CR,0
2026-07-03,Google Play,DO,0
2026-07-03,Google Play,ES,0
2026-07-03,Google Play,GT,0
2026-07-03,Google Play,IL,0
2026-07-03,Google Play,IT,0
2026-07-03,Google Play,LB,0
2026-07-03,Google Play,MX,2
2026-07-03,Google Play,PE,0
2026-07-03,Google Play,PR,0
2026-07-03,Google Play,SV,0
2026-07-03,Google Play,TT,0
2026-07-03,Google Play,US,1
2026-07-03,Google Play,VE,0
2026-07-03,Google Play,ZA,0
2026-07-04,App Store,MX,3
2026-07-04,App Store,US,1
2026-07-04,Google Play,BR,0
2026-07-04,Google Play,CL,0
2026-07-04,Google Play,CR,0
2026-07-04,Google Play,DO,0
2026-07-04,Google Play,ES,0
2026-07-04,Google Play,GT,0
2026-07-04,Google Play,IL,0
2026-07-04,Google Play,IT,0
2026-07-04,Google Play,LB,0
2026-07-04,Google Play,MX,4
2026-07-04,Google Play,PE,0
2026-07-04,Google Play,PR,0
2026-07-04,Google Play,SV,0
2026-07-04,Google Play,TT,0
2026-07-04,Google Play,US,0
2026-07-04,Google Play,VE,0
2026-07-04,Google Play,ZA,0
2026-07-05,App Store,MX,3
2026-07-05,Google Play,BR,0
2026-07-05,Google Play,CL,0
2026-07-05,Google Play,CR,0
2026-07-05,Google Play,DO,0
2026-07-05,Google Play,ES,0
2026-07-05,Google Play,GT,0
2026-07-05,Google Play,IL,0
2026-07-05,Google Play,IT,0
2026-07-05,Google Play,LB,0
2026-07-05,Google Play,MX,2
2026-07-05,Google Play,PE,0
2026-07-05,Google Play,PR,0
2026-07-05,Google Play,SV,0
2026-07-05,Google Play,TT,0
2026-07-05,Google Play,US,0
2026-07-05,Google Play,VE,0
2026-07-05,Google Play,ZA,0
2026-07-06,App Store,AR,27
2026-07-06,App Store,CO,1
2026-07-06,App Store,ES,4
2026-07-06,App Store,IT,1
2026-07-06,App Store,MX,4
2026-07-06,App Store,PY,2
2026-07-06,App Store,US,2
2026-07-06,App Store,UY,5
2026-07-06,Google Play,??,1
2026-07-06,Google Play,AR,10
2026-07-06,Google Play,BR,0
2026-07-06,Google Play,CL,0
2026-07-06,Google Play,CR,0
2026-07-06,Google Play,DO,0
2026-07-06,Google Play,ES,0
2026-07-06,Google Play,GT,0
2026-07-06,Google Play,IL,0
2026-07-06,Google Play,IT,0
2026-07-06,Google Play,LB,0
2026-07-06,Google Play,MX,0
2026-07-06,Google Play,PE,0
2026-07-06,Google Play,PR,0
2026-07-06,Google Play,PY,0
2026-07-06,Google Play,TT,0
2026-07-06,Google Play,US,0
2026-07-06,Google Play,UY,3
2026-07-06,Google Play,VE,0
2026-07-06,Google Play,ZA,0
2026-07-07,App Store,AU,1
2026-07-07,App Store,MX,5
2026-07-07,App Store,PY,1
2026-07-07,App Store,US,1
2026-07-07,App Store,UY,2
2026-07-07,Google Play,AR,1
2026-07-07,Google Play,BR,0
2026-07-07,Google Play,CL,0
2026-07-07,Google Play,CR,0
2026-07-07,Google Play,DO,0
2026-07-07,Google Play,ES,0
2026-07-07,Google Play,GT,0
2026-07-07,Google Play,IL,0
2026-07-07,Google Play,IT,0
2026-07-07,Google Play,LB,0
2026-07-07,Google Play,MX,3
2026-07-07,Google Play,PE,0
2026-07-07,Google Play,PR,0
2026-07-07,Google Play,PY,3
2026-07-07,Google Play,TT,0
2026-07-07,Google Play,US,0
2026-07-07,Google Play,UY,2
2026-07-07,Google Play,VE,0
2026-07-07,Google Play,ZA,0
2026-07-08,App Store,CO,1
2026-07-08,App Store,ES,2
2026-07-08,App Store,MX,2
2026-07-08,Google Play,AR,2
2026-07-08,Google Play,BR,0
2026-07-08,Google Play,CL,0
2026-07-08,Google Play,CO,1
2026-07-08,Google Play,CR,0
2026-07-08,Google Play,DO,0
2026-07-08,Google Play,ES,0
2026-07-08,Google Play,GT,0
2026-07-08,Google Play,IL,0
2026-07-08,Google Play,IT,0
2026-07-08,Google Play,LB,0
2026-07-08,Google Play,MX,0
2026-07-08,Google Play,PE,0
2026-07-08,Google Play,PR,0
2026-07-08,Google Play,PY,0
2026-07-08,Google Play,TT,0
2026-07-08,Google Play,US,0
2026-07-08,Google Play,UY,0
2026-07-08,Google Play,VE,0
2026-07-08,Google Play,ZA,0
2026-07-09,App Store,GT,1
2026-07-09,App Store,MX,4
2026-07-09,App Store,PY,1
2026-07-09,Google Play,AR,2
2026-07-09,Google Play,BR,0
2026-07-09,Google Play,CL,0
2026-07-09,Google Play,CO,0
2026-07-09,Google Play,CR,0
2026-07-09,Google Play,DO,0
2026-07-09,Google Play,ES,0
2026-07-09,Google Play,GT,0
2026-07-09,Google Play,IL,0
2026-07-09,Google Play,IT,0
2026-07-09,Google Play,LB,0
2026-07-09,Google Play,MX,3
2026-07-09,Google Play,PE,0
2026-07-09,Google Play,PR,0
2026-07-09,Google Play,PY,0
2026-07-09,Google Play,SV,0
2026-07-09,Google Play,TT,0
2026-07-09,Google Play,US,0
2026-07-09,Google Play,UY,0
2026-07-09,Google Play,VE,0
2026-07-09,Google Play,ZA,0
2026-07-10,App Store,ES,5
2026-07-10,App Store,MX,5
2026-07-10,App Store,PE,1
2026-07-10,App Store,PY,1
2026-07-10,App Store,TT,1
2026-07-10,App Store,UY,1
2026-07-10,Google Play,AR,0
2026-07-10,Google Play,BR,1
2026-07-10,Google Play,CA,0
2026-07-10,Google Play,CL,0
2026-07-10,Google Play,CO,0
2026-07-10,Google Play,CR,0
2026-07-10,Google Play,DO,0
2026-07-10,Google Play,ES,2
2026-07-10,Google Play,GT,0
2026-07-10,Google Play,IL,0
2026-07-10,Google Play,IT,2
2026-07-10,Google Play,KE,1
2026-07-10,Google Play,LB,0
2026-07-10,Google Play,MX,10
2026-07-10,Google Play,PE,1
2026-07-10,Google Play,PR,0
2026-07-10,Google Play,PY,1
2026-07-10,Google Play,SV,0
2026-07-10,Google Play,TT,2
2026-07-10,Google Play,US,0
2026-07-10,Google Play,UY,0
2026-07-10,Google Play,VE,0
2026-07-10,Google Play,ZA,0
2026-07-11,App Store,AR,2
2026-07-11,App Store,CA,1
2026-07-11,App Store,ES,8
2026-07-11,App Store,MX,3
2026-07-11,App Store,PY,1
2026-07-11,App Store,US,6
2026-07-11,Google Play,AR,1
2026-07-11,Google Play,BR,0
2026-07-11,Google Play,CA,0
2026-07-11,Google Play,CL,0
2026-07-11,Google Play,CO,0
2026-07-11,Google Play,CR,0
2026-07-11,Google Play,DO,0
2026-07-11,Google Play,ES,3
2026-07-11,Google Play,GT,0
2026-07-11,Google Play,IL,0
2026-07-11,Google Play,IT,0
2026-07-11,Google Play,KE,0
2026-07-11,Google Play,LB,0
2026-07-11,Google Play,MX,4
2026-07-11,Google Play,PE,0
2026-07-11,Google Play,PH,1
2026-07-11,Google Play,PR,0
2026-07-11,Google Play,PY,3
2026-07-11,Google Play,SV,0
2026-07-11,Google Play,TT,0
2026-07-11,Google Play,US,1
2026-07-11,Google Play,UY,0
2026-07-11,Google Play,VE,0
2026-07-11,Google Play,ZA,0
2026-07-12,App Store,ES,4
2026-07-12,App Store,GT,1
2026-07-12,App Store,MX,11
2026-07-12,App Store,TT,1
2026-07-12,App Store,US,11
2026-07-12,Google Play,AR,0
2026-07-12,Google Play,BR,0
2026-07-12,Google Play,CA,0
2026-07-12,Google Play,CL,0
2026-07-12,Google Play,CO,0
2026-07-12,Google Play,CR,0
2026-07-12,Google Play,DO,0
2026-07-12,Google Play,ES,0
2026-07-12,Google Play,GT,0
2026-07-12,Google Play,IL,0
2026-07-12,Google Play,IT,0
2026-07-12,Google Play,KE,0
2026-07-12,Google Play,LB,0
2026-07-12,Google Play,MX,5
2026-07-12,Google Play,PE,0
2026-07-12,Google Play,PH,0
2026-07-12,Google Play,PR,1
2026-07-12,Google Play,PY,0
2026-07-12,Google Play,SV,0
2026-07-12,Google Play,TT,0
2026-07-12,Google Play,US,1
2026-07-12,Google Play,UY,0
2026-07-12,Google Play,VE,0
2026-07-12,Google Play,ZA,1
2026-07-13,App Store,AR,5
2026-07-13,App Store,EC,1
2026-07-13,App Store,MX,15
2026-07-13,App Store,PE,1
2026-07-13,App Store,US,4
2026-07-13,App Store,UY,1
2026-07-13,Google Play,AR,5
2026-07-13,Google Play,BR,0
2026-07-13,Google Play,CA,0
2026-07-13,Google Play,CL,0
2026-07-13,Google Play,CO,0
2026-07-13,Google Play,CR,0
2026-07-13,Google Play,DO,0
2026-07-13,Google Play,ES,2
2026-07-13,Google Play,GT,0
2026-07-13,Google Play,IL,0
2026-07-13,Google Play,IT,5
2026-07-13,Google Play,KE,0
2026-07-13,Google Play,LB,0
2026-07-13,Google Play,MX,6
2026-07-13,Google Play,PE,0
2026-07-13,Google Play,PH,0
2026-07-13,Google Play,PR,0
2026-07-13,Google Play,PY,0
2026-07-13,Google Play,RU,1
2026-07-13,Google Play,SV,0
2026-07-13,Google Play,TT,0
2026-07-13,Google Play,US,0
2026-07-13,Google Play,UY,0
2026-07-13,Google Play,VE,0
2026-07-13,Google Play,ZA,0
2026-07-14,App Store,ES,5
2026-07-14,App Store,MX,5
2026-07-14,App Store,PT,1
2026-07-14,App Store,US,6
2026-07-14,Google Play,??,2
2026-07-14,Google Play,AR,4
2026-07-14,Google Play,BR,0
2026-07-14,Google Play,CA,0
2026-07-14,Google Play,CD,1
2026-07-14,Google Play,CI,1
2026-07-14,Google Play,CL,1
2026-07-14,Google Play,CO,0
2026-07-14,Google Play,CR,0
2026-07-14,Google Play,DO,0
2026-07-14,Google Play,ES,7
2026-07-14,Google Play,GT,11
2026-07-14,Google Play,HN,2
2026-07-14,Google Play,IL,1
2026-07-14,Google Play,IT,5
2026-07-14,Google Play,JP,1
2026-07-14,Google Play,KE,0
2026-07-14,Google Play,LB,0
2026-07-14,Google Play,MX,9
2026-07-14,Google Play,PE,0
2026-07-14,Google Play,PH,2
2026-07-14,Google Play,PR,0
2026-07-14,Google Play,PY,0
2026-07-14,Google Play,RU,0
2026-07-14,Google Play,SV,1
2026-07-14,Google Play,TT,0
2026-07-14,Google Play,US,1
2026-07-14,Google Play,UY,0
2026-07-14,Google Play,VE,1
2026-07-14,Google Play,ZA,0
2026-07-15,App Store,ES,6
2026-07-15,App Store,MX,4
2026-07-15,App Store,US,1
2026-07-15,Google Play,AR,0
2026-07-15,Google Play,BR,0
2026-07-15,Google Play,CA,0
2026-07-15,Google Play,CD,0
2026-07-15,Google Play,CI,1
2026-07-15,Google Play,CL,0
2026-07-15,Google Play,CO,0
2026-07-15,Google Play,CR,0
2026-07-15,Google Play,DO,0
2026-07-15,Google Play,ES,4
2026-07-15,Google Play,GT,0
2026-07-15,Google Play,HN,0
2026-07-15,Google Play,IL,0
2026-07-15,Google Play,IT,0
2026-07-15,Google Play,JP,0
2026-07-15,Google Play,KE,0
2026-07-15,Google Play,LB,0
2026-07-15,Google Play,MX,11
2026-07-15,Google Play,PE,0
2026-07-15,Google Play,PH,0
2026-07-15,Google Play,PR,0
2026-07-15,Google Play,PY,0
2026-07-15,Google Play,RU,0
2026-07-15,Google Play,SV,0
2026-07-15,Google Play,TT,0
2026-07-15,Google Play,US,0
2026-07-15,Google Play,UY,0
2026-07-15,Google Play,VE,0
2026-07-15,Google Play,ZA,0
2026-07-16,App Store,GT,2
2026-07-16,App Store,MX,5
2026-07-16,Google Play,AR,1
2026-07-16,Google Play,BR,0
2026-07-16,Google Play,CA,0
2026-07-16,Google Play,CD,0
2026-07-16,Google Play,CI,0
2026-07-16,Google Play,CL,0
2026-07-16,Google Play,CO,0
2026-07-16,Google Play,CR,0
2026-07-16,Google Play,DO,0
2026-07-16,Google Play,ES,1
2026-07-16,Google Play,GT,2
2026-07-16,Google Play,HN,0
2026-07-16,Google Play,IL,0
2026-07-16,Google Play,IT,0
2026-07-16,Google Play,JP,1
2026-07-16,Google Play,KE,0
2026-07-16,Google Play,LB,0
2026-07-16,Google Play,MX,5
2026-07-16,Google Play,PE,0
2026-07-16,Google Play,PH,0
2026-07-16,Google Play,PR,0
2026-07-16,Google Play,PY,0
2026-07-16,Google Play,RU,0
2026-07-16,Google Play,SV,0
2026-07-16,Google Play,TT,0
2026-07-16,Google Play,US,0
2026-07-16,Google Play,UY,0
2026-07-16,Google Play,VE,0
2026-07-16,Google Play,ZA,0
2026-07-17,App Store,MX,6
2026-07-17,App Store,US,1
2026-07-17,Google Play,AR,0
2026-07-17,Google Play,BR,0
2026-07-17,Google Play,CA,0
2026-07-17,Google Play,CD,0
2026-07-17,Google Play,CI,0
2026-07-17,Google Play,CL,0
2026-07-17,Google Play,CO,0
2026-07-17,Google Play,CR,0
2026-07-17,Google Play,DO,0
2026-07-17,Google Play,ES,0
2026-07-17,Google Play,GT,0
2026-07-17,Google Play,HN,0
2026-07-17,Google Play,IL,0
2026-07-17,Google Play,IT,0
2026-07-17,Google Play,JP,0
2026-07-17,Google Play,KE,0
2026-07-17,Google Play,LB,0
2026-07-17,Google Play,MX,0
2026-07-17,Google Play,PE,0
2026-07-17,Google Play,PH,0
2026-07-17,Google Play,PR,0
2026-07-17,Google Play,PY,0
2026-07-17,Google Play,RU,0
2026-07-17,Google Play,SV,0
2026-07-17,Google Play,TT,0
2026-07-17,Google Play,US,0
2026-07-17,Google Play,UY,0
2026-07-17,Google Play,VE,0
2026-07-17,Google Play,ZA,0
2026-07-18,App Store,AR,1
2026-07-18,App Store,ES,2
2026-07-18,App Store,MX,6
2026-07-18,Google Play,AR,0
2026-07-18,Google Play,BR,0
2026-07-18,Google Play,CA,0
2026-07-18,Google Play,CD,0
2026-07-18,Google Play,CI,0
2026-07-18,Google Play,CL,0
2026-07-18,Google Play,CO,0
2026-07-18,Google Play,CR,0
2026-07-18,Google Play,DO,0
2026-07-18,Google Play,ES,1
2026-07-18,Google Play,GT,0
2026-07-18,Google Play,HN,0
2026-07-18,Google Play,IL,0
2026-07-18,Google Play,IT,0
2026-07-18,Google Play,JP,0
2026-07-18,Google Play,KE,0
2026-07-18,Google Play,LB,0
2026-07-18,Google Play,MX,2
2026-07-18,Google Play,MY,1
2026-07-18,Google Play,PE,0
2026-07-18,Google Play,PH,0
2026-07-18,Google Play,PR,0
2026-07-18,Google Play,PY,1
2026-07-18,Google Play,RU,0
2026-07-18,Google Play,SV,0
2026-07-18,Google Play,TT,0
2026-07-18,Google Play,US,1
2026-07-18,Google Play,UY,0
2026-07-18,Google Play,VE,0
2026-07-18,Google Play,ZA,0
2026-07-19,App Store,AR,1
2026-07-19,App Store,ES,3
2026-07-19,App Store,GT,1
2026-07-19,App Store,MX,3
2026-07-19,App Store,PY,1
2026-07-19,App Store,SV,1
2026-07-19,App Store,TH,1
2026-07-19,Google Play,AR,0
2026-07-19,Google Play,BR,0
2026-07-19,Google Play,CA,0
2026-07-19,Google Play,CD,0
2026-07-19,Google Play,CI,0
2026-07-19,Google Play,CL,0
2026-07-19,Google Play,CO,0
2026-07-19,Google Play,CR,0
2026-07-19,Google Play,DO,0
2026-07-19,Google Play,ES,0
2026-07-19,Google Play,GT,0
2026-07-19,Google Play,HN,0
2026-07-19,Google Play,IL,0
2026-07-19,Google Play,IT,0
2026-07-19,Google Play,JP,0
2026-07-19,Google Play,KE,1
2026-07-19,Google Play,LB,0
2026-07-19,Google Play,MX,0
2026-07-19,Google Play,MY,0
2026-07-19,Google Play,PE,0
2026-07-19,Google Play,PH,0
2026-07-19,Google Play,PR,0
2026-07-19,Google Play,PY,0
2026-07-19,Google Play,RU,0
2026-07-19,Google Play,SV,0
2026-07-19,Google Play,TT,0
2026-07-19,Google Play,US,0
2026-07-19,Google Play,UY,0
2026-07-19,Google Play,VE,0
2026-07-19,Google Play,ZA,0
2026-07-20,App Store,AR,1
2026-07-20,App Store,MX,3
2026-07-20,App Store,PY,1
2026-07-20,App Store,US,2
2026-07-20,Google Play,AR,0
2026-07-20,Google Play,BR,0
2026-07-20,Google Play,CA,0
2026-07-20,Google Play,CD,0
2026-07-20,Google Play,CI,0
2026-07-20,Google Play,CL,0
2026-07-20,Google Play,CO,0
2026-07-20,Google Play,CR,0
2026-07-20,Google Play,DO,0
2026-07-20,Google Play,ES,0
2026-07-20,Google Play,GT,1
2026-07-20,Google Play,HN,0
2026-07-20,Google Play,IL,0
2026-07-20,Google Play,IT,0
2026-07-20,Google Play,JP,0
2026-07-20,Google Play,KE,0
2026-07-20,Google Play,LB,0
2026-07-20,Google Play,MX,2
2026-07-20,Google Play,MY,0
2026-07-20,Google Play,PE,0
2026-07-20,Google Play,PH,0
2026-07-20,Google Play,PR,0
2026-07-20,Google Play,PY,0
2026-07-20,Google Play,RU,0
2026-07-20,Google Play,SV,0
2026-07-20,Google Play,TT,0
2026-07-20,Google Play,US,2
2026-07-20,Google Play,UY,1
2026-07-20,Google Play,VE,0
2026-07-20,Google Play,ZA,0
2026-07-21,App Store,AR,3
2026-07-21,App Store,BR,4
2026-07-21,App Store,ES,1
2026-07-21,App Store,IN,1
2026-07-21,App Store,MX,1
2026-07-21,App Store,MY,1
2026-07-21,App Store,US,2
2026-07-21,Google Play,AR,0
2026-07-21,Google Play,BR,27
2026-07-21,Google Play,CA,0
2026-07-21,Google Play,CD,0
2026-07-21,Google Play,CI,0
2026-07-21,Google Play,CL,0
2026-07-21,Google Play,CO,0
2026-07-21,Google Play,CR,0
2026-07-21,Google Play,DO,0
2026-07-21,Google Play,ES,0
2026-07-21,Google Play,GT,0
2026-07-21,Google Play,HN,0
2026-07-21,Google Play,IL,0
2026-07-21,Google Play,IT,0
2026-07-21,Google Play,JP,0
2026-07-21,Google Play,KE,0
2026-07-21,Google Play,LB,0
2026-07-21,Google Play,MX,1
2026-07-21,Google Play,MY,0
2026-07-21,Google Play,PE,0
2026-07-21,Google Play,PH,0
2026-07-21,Google Play,PR,0
2026-07-21,Google Play,PY,0
2026-07-21,Google Play,RU,0
2026-07-21,Google Play,SV,0
2026-07-21,Google Play,TT,0
2026-07-21,Google Play,US,0
2026-07-21,Google Play,UY,0
2026-07-21,Google Play,VE,0
2026-07-21,Google Play,ZA,0
2026-07-22,App Store,AR,8
2026-07-22,App Store,BR,13
2026-07-22,App Store,MX,6
2026-07-22,App Store,PE,1
2026-07-22,Google Play,AR,12
2026-07-22,Google Play,BR,18
2026-07-22,Google Play,CA,0
2026-07-22,Google Play,CD,0
2026-07-22,Google Play,CI,0
2026-07-22,Google Play,CL,0
2026-07-22,Google Play,CO,0
2026-07-22,Google Play,CR,0
2026-07-22,Google Play,DO,0
2026-07-22,Google Play,ES,0
2026-07-22,Google Play,GT,0
2026-07-22,Google Play,HN,0
2026-07-22,Google Play,IL,0
2026-07-22,Google Play,IT,1
2026-07-22,Google Play,JP,0
2026-07-22,Google Play,KE,0
2026-07-22,Google Play,LB,0
2026-07-22,Google Play,MX,1
2026-07-22,Google Play,MY,0
2026-07-22,Google Play,PE,0
2026-07-22,Google Play,PH,0
2026-07-22,Google Play,PR,0
2026-07-22,Google Play,PY,0
2026-07-22,Google Play,RU,0
2026-07-22,Google Play,SV,0
2026-07-22,Google Play,TT,0
2026-07-22,Google Play,US,0
2026-07-22,Google Play,UY,0
2026-07-22,Google Play,VE,0
2026-07-22,Google Play,ZA,0
2026-07-23,App Store,AR,3
2026-07-23,App Store,BR,177
2026-07-23,App Store,CL,1
2026-07-23,App Store,ES,1
2026-07-23,App Store,IT,1
2026-07-23,App Store,MX,11
2026-07-23,App Store,PT,2
2026-07-23,App Store,US,2
2026-07-23,Google Play,AR,1
2026-07-23,Google Play,BR,112
2026-07-23,Google Play,CA,0
2026-07-23,Google Play,CD,0
2026-07-23,Google Play,CI,0
2026-07-23,Google Play,CL,0
2026-07-23,Google Play,CO,0
2026-07-23,Google Play,CR,0
2026-07-23,Google Play,DO,0
2026-07-23,Google Play,ES,0
2026-07-23,Google Play,GT,0
2026-07-23,Google Play,HN,0
2026-07-23,Google Play,IE,1
2026-07-23,Google Play,IL,0
2026-07-23,Google Play,IT,0
2026-07-23,Google Play,JP,0
2026-07-23,Google Play,KE,0
2026-07-23,Google Play,LB,0
2026-07-23,Google Play,MX,8
2026-07-23,Google Play,MY,0
2026-07-23,Google Play,PE,0
2026-07-23,Google Play,PH,0
2026-07-23,Google Play,PR,0
2026-07-23,Google Play,PY,0
2026-07-23,Google Play,RU,0
2026-07-23,Google Play,SV,0
2026-07-23,Google Play,TT,0
2026-07-23,Google Play,US,0
2026-07-23,Google Play,UY,0
2026-07-23,Google Play,VE,0
2026-07-23,Google Play,ZA,0
2026-07-24,App Store,AR,2
2026-07-24,App Store,BR,33
2026-07-24,App Store,ES,3
2026-07-24,App Store,GT,1
2026-07-24,App Store,MX,6
2026-07-24,Google Play,??,1
2026-07-24,Google Play,AR,3
2026-07-24,Google Play,BR,18
2026-07-24,Google Play,CA,0
2026-07-24,Google Play,CD,0
2026-07-24,Google Play,CI,0
2026-07-24,Google Play,CL,0
2026-07-24,Google Play,CO,0
2026-07-24,Google Play,CR,0
2026-07-24,Google Play,DO,0
2026-07-24,Google Play,ES,0
2026-07-24,Google Play,GT,0
2026-07-24,Google Play,HN,0
2026-07-24,Google Play,IL,0
2026-07-24,Google Play,IT,0
2026-07-24,Google Play,JP,0
2026-07-24,Google Play,KE,0
2026-07-24,Google Play,LB,0
2026-07-24,Google Play,MX,0
2026-07-24,Google Play,MY,0
2026-07-24,Google Play,PE,0
2026-07-24,Google Play,PH,0
2026-07-24,Google Play,PR,0
2026-07-24,Google Play,PY,0
2026-07-24,Google Play,RU,0
2026-07-24,Google Play,SV,0
2026-07-24,Google Play,TT,0
2026-07-24,Google Play,US,0
2026-07-24,Google Play,UY,0
2026-07-24,Google Play,VE,0
2026-07-24,Google Play,ZA,0
2026-07-25,App Store,AR,2
2026-07-25,App Store,BR,22
2026-07-25,App Store,MX,1
2026-07-25,App Store,PY,1
2026-07-25,Google Play,AR,1
2026-07-25,Google Play,BR,27
2026-07-25,Google Play,CA,0
2026-07-25,Google Play,CD,0
2026-07-25,Google Play,CI,0
2026-07-25,Google Play,CL,1
2026-07-25,Google Play,CO,0
2026-07-25,Google Play,CR,0
2026-07-25,Google Play,DO,0
2026-07-25,Google Play,ES,0
2026-07-25,Google Play,GT,0
2026-07-25,Google Play,HN,0
2026-07-25,Google Play,IL,0
2026-07-25,Google Play,IT,0
2026-07-25,Google Play,JP,0
2026-07-25,Google Play,KE,0
2026-07-25,Google Play,LB,0
2026-07-25,Google Play,MX,4
2026-07-25,Google Play,MY,0
2026-07-25,Google Play,PE,0
2026-07-25,Google Play,PH,0
2026-07-25,Google Play,PR,0
2026-07-25,Google Play,PY,0
2026-07-25,Google Play,RU,0
2026-07-25,Google Play,SV,2
2026-07-25,Google Play,TT,0
2026-07-25,Google Play,US,0
2026-07-25,Google Play,UY,0
2026-07-25,Google Play,VE,0
2026-07-25,Google Play,ZA,0
2026-07-26,App Store,BR,21
2026-07-26,App Store,ES,2
2026-07-26,App Store,IT,1
2026-07-26,App Store,MX,8
2026-07-26,App Store,PT,1
2026-07-26,Google Play,AR,0
2026-07-26,Google Play,BR,16
2026-07-26,Google Play,CA,0
2026-07-26,Google Play,CD,0
2026-07-26,Google Play,CI,0
2026-07-26,Google Play,CL,0
2026-07-26,Google Play,CO,0
2026-07-26,Google Play,CR,0
2026-07-26,Google Play,DO,0
2026-07-26,Google Play,ES,0
2026-07-26,Google Play,GT,0
2026-07-26,Google Play,HN,0
2026-07-26,Google Play,IL,0
2026-07-26,Google Play,IT,0
2026-07-26,Google Play,JP,0
2026-07-26,Google Play,KE,0
2026-07-26,Google Play,LB,0
2026-07-26,Google Play,MX,8
2026-07-26,Google Play,MY,0
2026-07-26,Google Play,PE,0
2026-07-26,Google Play,PH,0
2026-07-26,Google Play,PR,0
2026-07-26,Google Play,PY,0
2026-07-26,Google Play,RU,0
2026-07-26,Google Play,SV,0
2026-07-26,Google Play,TT,0
2026-07-26,Google Play,US,0
2026-07-26,Google Play,UY,0
2026-07-26,Google Play,VE,0
2026-07-26,Google Play,ZA,0
2026-07-27,App Store,BR,9
2026-07-27,App Store,MX,7
2026-07-27,Google Play,??,1
2026-07-27,Google Play,AR,0
2026-07-27,Google Play,BR,4
2026-07-27,Google Play,CA,0
2026-07-27,Google Play,CD,0
2026-07-27,Google Play,CI,0
2026-07-27,Google Play,CL,0
2026-07-27,Google Play,CO,0
2026-07-27,Google Play,CR,0
2026-07-27,Google Play,DO,0
2026-07-27,Google Play,ES,0
2026-07-27,Google Play,GT,0
2026-07-27,Google Play,HN,0
2026-07-27,Google Play,IL,0
2026-07-27,Google Play,IT,1
2026-07-27,Google Play,JP,0
2026-07-27,Google Play,KE,0
2026-07-27,Google Play,LB,0
2026-07-27,Google Play,MX,4
2026-07-27,Google Play,MY,0
2026-07-27,Google Play,PE,0
2026-07-27,Google Play,PH,0
2026-07-27,Google Play,PR,0
2026-07-27,Google Play,PY,0
2026-07-27,Google Play,RU,0
2026-07-27,Google Play,SV,0
2026-07-27,Google Play,TT,0
2026-07-27,Google Play,US,1
2026-07-27,Google Play,UY,0
2026-07-27,Google Play,VE,0
2026-07-27,Google Play,ZA,0
2026-07-28,App Store,AR,4
2026-07-28,App Store,BR,11
2026-07-28,App Store,CO,1
2026-07-28,App Store,ES,6
2026-07-28,App Store,MX,3
2026-07-28,App Store,US,1
2026-07-28,Google Play,AR,0
2026-07-28,Google Play,BR,5
2026-07-28,Google Play,CA,0
2026-07-28,Google Play,CD,0
2026-07-28,Google Play,CI,0
2026-07-28,Google Play,CL,0
2026-07-28,Google Play,CO,0
2026-07-28,Google Play,CR,0
2026-07-28,Google Play,DO,0
2026-07-28,Google Play,ES,0
2026-07-28,Google Play,GT,0
2026-07-28,Google Play,HN,0
2026-07-28,Google Play,IL,0
2026-07-28,Google Play,IT,0
2026-07-28,Google Play,JP,0
2026-07-28,Google Play,KE,0
2026-07-28,Google Play,LB,0
2026-07-28,Google Play,MX,4
2026-07-28,Google Play,MY,0
2026-07-28,Google Play,PE,0
2026-07-28,Google Play,PH,0
2026-07-28,Google Play,PR,0
2026-07-28,Google Play,PY,0
2026-07-28,Google Play,RU,0
2026-07-28,Google Play,SV,0
2026-07-28,Google Play,TT,0
2026-07-28,Google Play,US,0
2026-07-28,Google Play,UY,0
2026-07-28,Google Play,VE,0
2026-07-28,Google Play,ZA,0
2026-07-29,App Store,AR,1
2026-07-29,App Store,BR,4
2026-07-29,App Store,ES,7
2026-07-29,App Store,US,1
2026-07-29,Google Play,AR,0
2026-07-29,Google Play,BR,3
2026-07-29,Google Play,CA,0
2026-07-29,Google Play,CD,0
2026-07-29,Google Play,CI,0
2026-07-29,Google Play,CL,0
2026-07-29,Google Play,CO,0
2026-07-29,Google Play,CR,0
2026-07-29,Google Play,DO,0
2026-07-29,Google Play,ES,7
2026-07-29,Google Play,GT,0
2026-07-29,Google Play,HN,0
2026-07-29,Google Play,IL,0
2026-07-29,Google Play,IT,0
2026-07-29,Google Play,JP,0
2026-07-29,Google Play,KE,0
2026-07-29,Google Play,LB,0
2026-07-29,Google Play,MX,0
2026-07-29,Google Play,MY,0
2026-07-29,Google Play,PE,0
2026-07-29,Google Play,PH,0
2026-07-29,Google Play,PR,0
2026-07-29,Google Play,PY,0
2026-07-29,Google Play,RU,0
2026-07-29,Google Play,SV,0
2026-07-29,Google Play,TT,0
2026-07-29,Google Play,US,0
2026-07-29,Google Play,UY,0
2026-07-29,Google Play,VE,0
2026-07-29,Google Play,ZA,0
2026-07-30,App Store,AR,1
2026-07-30,App Store,BR,4
2026-07-30,App Store,CO,3
2026-07-30,App Store,ES,4
2026-07-30,App Store,MX,6
2026-07-30,App Store,US,1
2026-07-30,Google Play,AR,0
2026-07-30,Google Play,BR,6
2026-07-30,Google Play,CA,0
2026-07-30,Google Play,CD,0
2026-07-30,Google Play,CI,0
2026-07-30,Google Play,CL,0
2026-07-30,Google Play,CO,0
2026-07-30,Google Play,CR,0
2026-07-30,Google Play,DO,0
2026-07-30,Google Play,ES,4
2026-07-30,Google Play,GT,0
2026-07-30,Google Play,HN,0
2026-07-30,Google Play,IL,0
2026-07-30,Google Play,IT,0
2026-07-30,Google Play,JP,0
2026-07-30,Google Play,KE,0
2026-07-30,Google Play,LB,0
2026-07-30,Google Play,MX,4
2026-07-30,Google Play,MY,0
2026-07-30,Google Play,PE,0
2026-07-30,Google Play,PH,0
2026-07-30,Google Play,PR,0
2026-07-30,Google Play,PY,0
2026-07-30,Google Play,RU,0
2026-07-30,Google Play,SV,0
2026-07-30,Google Play,TT,0
2026-07-30,Google Play,US,0
2026-07-30,Google Play,UY,0
2026-07-30,Google Play,VE,0
2026-07-30,Google Play,ZA,0
2026-07-31,App Store,AR,2
2026-07-31,App Store,BR,6
2026-07-31,App Store,ES,2
2026-07-31,App Store,MX,7
2026-07-31,App Store,US,1
2026-07-31,Google Play,AR,0
2026-07-31,Google Play,BR,0
2026-07-31,Google Play,CA,0
2026-07-31,Google Play,CD,0
2026-07-31,Google Play,CI,0
2026-07-31,Google Play,CL,0
2026-07-31,Google Play,CO,0
2026-07-31,Google Play,CR,0
2026-07-31,Google Play,DO,0
2026-07-31,Google Play,ES,2
2026-07-31,Google Play,GT,0
2026-07-31,Google Play,HN,0
2026-07-31,Google Play,IL,0
2026-07-31,Google Play,IT,0
2026-07-31,Google Play,JP,0
2026-07-31,Google Play,KE,0
2026-07-31,Google Play,LB,0
2026-07-31,Google Play,MX,2
2026-07-31,Google Play,MY,0
2026-07-31,Google Play,PE,0
2026-07-31,Google Play,PH,0
2026-07-31,Google Play,PR,0
2026-07-31,Google Play,PY,0
2026-07-31,Google Play,RU,0
2026-07-31,Google Play,SV,0
2026-07-31,Google Play,TT,0
2026-07-31,Google Play,US,1
2026-07-31,Google Play,UY,0
2026-07-31,Google Play,VE,0
2026-07-31,Google Play,ZA,0
2026-08-01,App Store,AR,3
2026-08-01,App Store,BR,9
2026-08-01,App Store,DK,1
2026-08-01,App Store,ES,2
2026-08-01,App Store,GT,1
2026-08-01,App Store,IT,1
2026-08-01,App Store,MX,3
2026-08-01,App Store,PT,1
2026-08-01,Google Play,AR,0
2026-08-01,Google Play,BR,7
2026-08-01,Google Play,CA,0
2026-08-01,Google Play,CD,0
2026-08-01,Google Play,CI,0
2026-08-01,Google Play,CL,1
2026-08-01,Google Play,CO,0
2026-08-01,Google Play,CR,0
2026-08-01,Google Play,DO,0
2026-08-01,Google Play,ES,3
2026-08-01,Google Play,GT,0
2026-08-01,Google Play,HN,0
2026-08-01,Google Play,IL,0
2026-08-01,Google Play,IT,0
2026-08-01,Google Play,JP,0
2026-08-01,Google Play,KE,0
2026-08-01,Google Play,LB,0
2026-08-01,Google Play,MX,4
2026-08-01,Google Play,MY,0
2026-08-01,Google Play,PE,0
2026-08-01,Google Play,PH,0
2026-08-01,Google Play,PR,0
2026-08-01,Google Play,PY,0
2026-08-01,Google Play,RU,0
2026-08-01,Google Play,SV,0
2026-08-01,Google Play,TT,0
2026-08-01,Google Play,US,0
2026-08-01,Google Play,UY,0
2026-08-01,Google Play,VE,0
2026-08-01,Google Play,ZA,0
2026-08-02,App Store,AR,1
2026-08-02,App Store,BR,16
2026-08-02,App Store,CL,1
2026-08-02,App Store,ES,21
2026-08-02,App Store,MX,6
2026-08-02,App Store,PT,1
2026-08-02,Google Play,AR,0
2026-08-02,Google Play,BR,6
2026-08-02,Google Play,CA,0
2026-08-02,Google Play,CD,0
2026-08-02,Google Play,CI,0
2026-08-02,Google Play,CL,0
2026-08-02,Google Play,CO,0
2026-08-02,Google Play,CR,0
2026-08-02,Google Play,DO,0
2026-08-02,Google Play,ES,2
2026-08-02,Google Play,GT,0
2026-08-02,Google Play,HN,0
2026-08-02,Google Play,IL,0
2026-08-02,Google Play,IT,0
2026-08-02,Google Play,JP,0
2026-08-02,Google Play,KE,0
2026-08-02,Google Play,LB,0
2026-08-02,Google Play,MX,1
2026-08-02,Google Play,MY,0
2026-08-02,Google Play,PE,0
2026-08-02,Google Play,PH,0
2026-08-02,Google Play,PR,0
2026-08-02,Google Play,PT,1
2026-08-02,Google Play,PY,0
2026-08-02,Google Play,RU,0
2026-08-02,Google Play,SV,0
2026-08-02,Google Play,TT,0
2026-08-02,Google Play,US,0
2026-08-02,Google Play,UY,0
2026-08-02,Google Play,VE,0
2026-08-02,Google Play,ZA,0
2026-08-03,App Store,AR,3
2026-08-03,App Store,BR,7
2026-08-03,App Store,CL,1
2026-08-03,App Store,ES,5
2026-08-03,App Store,GB,1
2026-08-03,App Store,MX,11
2026-08-03,Google Play,AR,1
2026-08-03,Google Play,BR,13
2026-08-03,Google Play,CA,0
2026-08-03,Google Play,CD,0
2026-08-03,Google Play,CI,0
2026-08-03,Google Play,CL,0
2026-08-03,Google Play,CO,0
2026-08-03,Google Play,CR,0
2026-08-03,Google Play,DO,0
2026-08-03,Google Play,ES,4
2026-08-03,Google Play,FR,0
2026-08-03,Google Play,GT,1
2026-08-03,Google Play,HN,0
2026-08-03,Google Play,IL,0
2026-08-03,Google Play,IT,0
2026-08-03,Google Play,JP,0
2026-08-03,Google Play,KE,0
2026-08-03,Google Play,LB,0
2026-08-03,Google Play,MX,0
2026-08-03,Google Play,MY,0
2026-08-03,Google Play,PE,0
2026-08-03,Google Play,PH,0
2026-08-03,Google Play,PR,0
2026-08-03,Google Play,PT,0
2026-08-03,Google Play,PY,0
2026-08-03,Google Play,RU,0
2026-08-03,Google Play,SV,0
2026-08-03,Google Play,TT,0
2026-08-03,Google Play,US,1
2026-08-03,Google Play,UY,1
2026-08-03,Google Play,VE,0
2026-08-03,Google Play,ZA,0
2026-08-04,App Store,AR,4
2026-08-04,App Store,BR,8
2026-08-04,App Store,ES,1
2026-08-04,App Store,MX,10
2026-08-04,App Store,PY,1
2026-08-04,Google Play,AR,0
2026-08-04,Google Play,BR,7
2026-08-04,Google Play,CA,0
2026-08-04,Google Play,CD,0
2026-08-04,Google Play,CI,0
2026-08-04,Google Play,CL,0
2026-08-04,Google Play,CO,0
2026-08-04,Google Play,CR,0
2026-08-04,Google Play,DO,0
2026-08-04,Google Play,ES,6
2026-08-04,Google Play,FR,0
2026-08-04,Google Play,GT,0
2026-08-04,Google Play,HN,0
2026-08-04,Google Play,IL,0
2026-08-04,Google Play,IT,0
2026-08-04,Google Play,JP,0
2026-08-04,Google Play,KE,0
2026-08-04,Google Play,LB,0
2026-08-04,Google Play,MX,0
2026-08-04,Google Play,MY,0
2026-08-04,Google Play,PE,0
2026-08-04,Google Play,PH,0
2026-08-04,Google Play,PR,0
2026-08-04,Google Play,PT,0
2026-08-04,Google Play,PY,0
2026-08-04,Google Play,RU,0
2026-08-04,Google Play,SV,0
2026-08-04,Google Play,TT,0
2026-08-04,Google Play,US,1
2026-08-04,Google Play,UY,0
2026-08-04,Google Play,VE,0
2026-08-05,App Store,BR,6
2026-08-05,App Store,CL,1
2026-08-05,App Store,ES,5
2026-08-05,App Store,FR,1
2026-08-05,App Store,MX,9
2026-08-05,App Store,US,1
2026-08-05,App Store,UY,1
2026-08-05,Google Play,AR,0
2026-08-05,Google Play,BR,5
2026-08-05,Google Play,CA,0
2026-08-05,Google Play,CD,0
2026-08-05,Google Play,CI,0
2026-08-05,Google Play,CL,0
2026-08-05,Google Play,CO,0
2026-08-05,Google Play,CR,0
2026-08-05,Google Play,DO,0
2026-08-05,Google Play,ES,8
2026-08-05,Google Play,FR,0
2026-08-05,Google Play,GT,0
2026-08-05,Google Play,HN,0
2026-08-05,Google Play,IL,0
2026-08-05,Google Play,IT,0
2026-08-05,Google Play,JP,0
2026-08-05,Google Play,KE,0
2026-08-05,Google Play,LB,0
2026-08-05,Google Play,MA,2
2026-08-05,Google Play,MX,3
2026-08-05,Google Play,MY,0
2026-08-05,Google Play,PE,0
2026-08-05,Google Play,PH,0
2026-08-05,Google Play,PR,0
2026-08-05,Google Play,PT,0
2026-08-05,Google Play,PY,0
2026-08-05,Google Play,RU,0
2026-08-05,Google Play,SV,0
2026-08-05,Google Play,TT,0
2026-08-05,Google Play,US,0
2026-08-05,Google Play,UY,0
2026-08-05,Google Play,VE,0
2026-08-06,App Store,AR,1
2026-08-06,App Store,BR,12
2026-08-06,App Store,ES,3
2026-08-06,App Store,MX,5
2026-08-06,App Store,PT,1
2026-08-06,App Store,UY,1
2026-08-06,Google Play,AR,1
2026-08-06,Google Play,BR,17
2026-08-06,Google Play,CA,0
2026-08-06,Google Play,CD,0
2026-08-06,Google Play,CI,0
2026-08-06,Google Play,CL,0
2026-08-06,Google Play,CO,0
2026-08-06,Google Play,CR,0
2026-08-06,Google Play,DO,0
2026-08-06,Google Play,ES,3
2026-08-06,Google Play,FR,0
2026-08-06,Google Play,GT,0
2026-08-06,Google Play,HN,0
2026-08-06,Google Play,IL,0
2026-08-06,Google Play,IT,0
2026-08-06,Google Play,JP,0
2026-08-06,Google Play,KE,0
2026-08-06,Google Play,LB,0
2026-08-06,Google Play,MX,1
2026-08-06,Google Play,MY,0
2026-08-06,Google Play,PE,0
2026-08-06,Google Play,PH,0
2026-08-06,Google Play,PR,0
2026-08-06,Google Play,PT,0
2026-08-06,Google Play,PY,0
2026-08-06,Google Play,RU,0
2026-08-06,Google Play,SV,0
2026-08-06,Google Play,TT,0
2026-08-06,Google Play,US,0
2026-08-06,Google Play,UY,0
2026-08-06,Google Play,VE,0
2026-08-07,App Store,AR,2
2026-08-07,App Store,BR,8
2026-08-07,App Store,CO,1
2026-08-07,App Store,ES,1
2026-08-07,App Store,MX,7
2026-08-07,App Store,US,2
2026-08-07,Google Play,??,1
2026-08-07,Google Play,AR,0
2026-08-07,Google Play,BR,10
2026-08-07,Google Play,CA,0
2026-08-07,Google Play,CD,0
2026-08-07,Google Play,CI,0
2026-08-07,Google Play,CL,0
2026-08-07,Google Play,CO,0
2026-08-07,Google Play,CR,0
2026-08-07,Google Play,DO,0
2026-08-07,Google Play,ES,4
2026-08-07,Google Play,FR,0
2026-08-07,Google Play,GT,0
2026-08-07,Google Play,HN,0
2026-08-07,Google Play,IL,0
2026-08-07,Google Play,IT,0
2026-08-07,Google Play,JP,0
2026-08-07,Google Play,KE,0
2026-08-07,Google Play,LB,0
2026-08-07,Google Play,MX,1
2026-08-07,Google Play,MY,0
2026-08-07,Google Play,PE,0
2026-08-07,Google Play,PH,0
2026-08-07,Google Play,PR,0
2026-08-07,Google Play,PT,0
2026-08-07,Google Play,PY,0
2026-08-07,Google Play,RU,0
2026-08-07,Google Play,SV,0
2026-08-07,Google Play,TT,0
2026-08-07,Google Play,US,0
2026-08-07,Google Play,UY,0
2026-08-07,Google Play,VE,0
2026-08-08,App Store,AR,2
2026-08-08,App Store,BR,27
2026-08-08,App Store,CL,3
2026-08-08,App Store,CO,2
2026-08-08,App Store,EC,1
2026-08-08,App Store,ES,10
2026-08-08,App Store,MX,1
2026-08-08,App Store,PE,1
2026-08-08,App Store,PT,1
2026-08-08,App Store,US,3
2026-08-08,App Store,VE,1
2026-08-08,Google Play,AR,0
2026-08-08,Google Play,BR,18
2026-08-08,Google Play,BW,1
2026-08-08,Google Play,CA,0
2026-08-08,Google Play,CD,0
2026-08-08,Google Play,CI,0
2026-08-08,Google Play,CL,8
2026-08-08,Google Play,CO,0
2026-08-08,Google Play,CR,0
2026-08-08,Google Play,DO,0
2026-08-08,Google Play,EC,4
2026-08-08,Google Play,ES,6
2026-08-08,Google Play,FR,0
2026-08-08,Google Play,GT,0
2026-08-08,Google Play,HN,0
2026-08-08,Google Play,IL,1
2026-08-08,Google Play,IT,0
2026-08-08,Google Play,JP,0
2026-08-08,Google Play,KE,0
2026-08-08,Google Play,LB,0
2026-08-08,Google Play,MX,2
2026-08-08,Google Play,MY,0
2026-08-08,Google Play,PE,2
2026-08-08,Google Play,PH,0
2026-08-08,Google Play,PR,0
2026-08-08,Google Play,PT,1
2026-08-08,Google Play,PY,3
2026-08-08,Google Play,RO,1
2026-08-08,Google Play,RU,0
2026-08-08,Google Play,SV,0
2026-08-08,Google Play,TT,0
2026-08-08,Google Play,US,2
2026-08-08,Google Play,UY,0
2026-08-08,Google Play,VE,1
2026-08-09,App Store,AR,4
2026-08-09,App Store,BR,14
2026-08-09,App Store,EC,2
2026-08-09,App Store,ES,10
2026-08-09,App Store,MX,1
2026-08-09,App Store,PT,2
2026-08-09,App Store,US,1
2026-08-09,Google Play,AR,1
2026-08-09,Google Play,BR,15
2026-08-09,Google Play,CA,0
2026-08-09,Google Play,CD,0
2026-08-09,Google Play,CI,0
2026-08-09,Google Play,CL,1
2026-08-09,Google Play,CO,0
2026-08-09,Google Play,CR,0
2026-08-09,Google Play,DO,0
2026-08-09,Google Play,EC,2
2026-08-09,Google Play,ES,5
2026-08-09,Google Play,FR,0
2026-08-09,Google Play,GT,0
2026-08-09,Google Play,HN,0
2026-08-09,Google Play,IL,0
2026-08-09,Google Play,IT,0
2026-08-09,Google Play,JP,0
2026-08-09,Google Play,KE,0
2026-08-09,Google Play,LB,0
2026-08-09,Google Play,MX,3
2026-08-09,Google Play,MY,0
2026-08-09,Google Play,PE,1
2026-08-09,Google Play,PH,0
2026-08-09,Google Play,PR,0
2026-08-09,Google Play,PT,1
2026-08-09,Google Play,PY,1
2026-08-09,Google Play,RO,0
2026-08-09,Google Play,RU,0
2026-08-09,Google Play,SV,0
2026-08-09,Google Play,TT,0
2026-08-09,Google Play,US,0
2026-08-09,Google Play,UY,0
2026-08-09,Google Play,VE,0
2026-08-10,App Store,BR,3
2026-08-10,App Store,EC,1
2026-08-10,App Store,ES,6
2026-08-10,App Store,MX,4
2026-08-10,App Store,PT,5
2026-08-10,App Store,US,2
2026-08-10,Google Play,AR,0
2026-08-10,Google Play,BR,6
2026-08-10,Google Play,CA,0
2026-08-10,Google Play,CD,0
2026-08-10,Google Play,CI,0
2026-08-10,Google Play,CL,0
2026-08-10,Google Play,CO,0
2026-08-10,Google Play,CR,0
2026-08-10,Google Play,DO,0
2026-08-10,Google Play,EC,0
2026-08-10,Google Play,ES,0
2026-08-10,Google Play,FR,0
2026-08-10,Google Play,GT,0
2026-08-10,Google Play,HN,0
2026-08-10,Google Play,IL,0
2026-08-10,Google Play,IT,0
2026-08-10,Google Play,JP,0
2026-08-10,Google Play,KE,0
2026-08-10,Google Play,LB,0
2026-08-10,Google Play,MX,1
2026-08-10,Google Play,MY,0
2026-08-10,Google Play,PE,0
2026-08-10,Google Play,PH,0
2026-08-10,Google Play,PR,0
2026-08-10,Google Play,PT,0
2026-08-10,Google Play,PY,0
2026-08-10,Google Play,RO,0
2026-08-10,Google Play,RU,0
2026-08-10,Google Play,SV,0
2026-08-10,Google Play,TT,0
2026-08-10,Google Play,US,0
2026-08-10,Google Play,UY,0
2026-08-10,Google Play,VE,0
2026-08-11,App Store,AR,7
2026-08-11,App Store,BR,12
2026-08-11,App Store,ES,6
2026-08-11,App Store,MX,2
2026-08-11,App Store,PT,1
2026-08-11,App Store,PY,2
2026-08-11,Google Play,AR,1
2026-08-11,Google Play,BR,16
2026-08-11,Google Play,CA,0
2026-08-11,Google Play,CD,0
2026-08-11,Google Play,CI,0
2026-08-11,Google Play,CL,0
2026-08-11,Google Play,CO,1
2026-08-11,Google Play,CR,0
2026-08-11,Google Play,DO,0
2026-08-11,Google Play,EC,0
2026-08-11,Google Play,ES,2
2026-08-11,Google Play,FR,0
2026-08-11,Google Play,GT,0
2026-08-11,Google Play,HN,0
2026-08-11,Google Play,IL,0
2026-08-11,Google Play,IT,0
2026-08-11,Google Play,JP,0
2026-08-11,Google Play,KE,0
2026-08-11,Google Play,LB,0
2026-08-11,Google Play,MX,1
2026-08-11,Google Play,MY,0
2026-08-11,Google Play,PE,0
2026-08-11,Google Play,PH,0
2026-08-11,Google Play,PR,0
2026-08-11,Google Play,PT,3
2026-08-11,Google Play,PY,3
2026-08-11,Google Play,RO,0
2026-08-11,Google Play,RU,0
2026-08-11,Google Play,SV,0
2026-08-11,Google Play,TT,0
2026-08-11,Google Play,US,0
2026-08-11,Google Play,UY,0
2026-08-11,Google Play,VE,0
2026-08-12,App Store,AR,7
2026-08-12,App Store,BR,6
2026-08-12,App Store,CL,1
2026-08-12,App Store,CO,1
2026-08-12,App Store,ES,2
2026-08-12,App Store,MX,7
2026-08-12,App Store,US,1
2026-08-12,Google Play,??,1
2026-08-12,Google Play,AR,2
2026-08-12,Google Play,BR,6
2026-08-12,Google Play,CA,0
2026-08-12,Google Play,CD,0
2026-08-12,Google Play,CI,0
2026-08-12,Google Play,CL,0
2026-08-12,Google Play,CO,0
2026-08-12,Google Play,CR,0
2026-08-12,Google Play,CV,1
2026-08-12,Google Play,DO,0
2026-08-12,Google Play,EC,1
2026-08-12,Google Play,ES,0
2026-08-12,Google Play,FR,0
2026-08-12,Google Play,GT,0
2026-08-12,Google Play,HN,0
2026-08-12,Google Play,IL,0
2026-08-12,Google Play,IT,0
2026-08-12,Google Play,JP,0
2026-08-12,Google Play,KE,0
2026-08-12,Google Play,LB,0
2026-08-12,Google Play,MX,1
2026-08-12,Google Play,MY,0
2026-08-12,Google Play,NG,1
2026-08-12,Google Play,PE,0
2026-08-12,Google Play,PH,0
2026-08-12,Google Play,PR,0
2026-08-12,Google Play,PT,1
2026-08-12,Google Play,PY,0
2026-08-12,Google Play,RO,0
2026-08-12,Google Play,RU,0
2026-08-12,Google Play,SV,0
2026-08-12,Google Play,TT,0
2026-08-12,Google Play,US,0
2026-08-12,Google Play,UY,0
2026-08-12,Google Play,VE,0
2026-08-13,App Store,AR,4
2026-08-13,App Store,BR,2
2026-08-13,App Store,CL,1
2026-08-13,App Store,ES,5
2026-08-13,App Store,GT,1
2026-08-13,App Store,MX,2
2026-08-13,Google Play,AR,1
2026-08-13,Google Play,BR,1
2026-08-13,Google Play,CA,0
2026-08-13,Google Play,CD,0
2026-08-13,Google Play,CI,0
2026-08-13,Google Play,CL,0
2026-08-13,Google Play,CO,0
2026-08-13,Google Play,CR,0
2026-08-13,Google Play,DO,0
2026-08-13,Google Play,EC,0
2026-08-13,Google Play,ES,0
2026-08-13,Google Play,FR,0
2026-08-13,Google Play,GT,1
2026-08-13,Google Play,HN,0
2026-08-13,Google Play,IL,0
2026-08-13,Google Play,IT,0
2026-08-13,Google Play,JP,0
2026-08-13,Google Play,KE,0
2026-08-13,Google Play,LB,0
2026-08-13,Google Play,MX,0
2026-08-13,Google Play,MY,0
2026-08-13,Google Play,NG,0
2026-08-13,Google Play,PE,0
2026-08-13,Google Play,PH,0
2026-08-13,Google Play,PR,0
2026-08-13,Google Play,PT,1
2026-08-13,Google Play,PY,1
2026-08-13,Google Play,RO,0
2026-08-13,Google Play,RU,0
2026-08-13,Google Play,SV,0
2026-08-13,Google Play,TT,0
2026-08-13,Google Play,US,0
2026-08-13,Google Play,UY,0
2026-08-13,Google Play,VE,0
2026-08-14,App Store,BR,18
2026-08-14,App Store,ES,8
2026-08-14,App Store,MX,2
2026-08-14,App Store,PY,3
2026-08-14,Google Play,??,2
2026-08-14,Google Play,AR,2
2026-08-14,Google Play,BE,1
2026-08-14,Google Play,BR,25
2026-08-14,Google Play,BY,1
2026-08-14,Google Play,CA,0
2026-08-14,Google Play,CD,0
2026-08-14,Google Play,CI,0
2026-08-14,Google Play,CL,0
2026-08-14,Google Play,CO,0
2026-08-14,Google Play,CR,0
2026-08-14,Google Play,DO,0
2026-08-14,Google Play,EC,0
2026-08-14,Google Play,ES,1
2026-08-14,Google Play,FR,0
2026-08-14,Google Play,GT,0
2026-08-14,Google Play,HN,0
2026-08-14,Google Play,IL,0
2026-08-14,Google Play,IT,0
2026-08-14,Google Play,JP,0
2026-08-14,Google Play,KE,0
2026-08-14,Google Play,LB,0
2026-08-14,Google Play,MX,2
2026-08-14,Google Play,MY,0
2026-08-14,Google Play,NG,0
2026-08-14,Google Play,PE,0
2026-08-14,Google Play,PH,0
2026-08-14,Google Play,PR,0
2026-08-14,Google Play,PT,0
2026-08-14,Google Play,PY,2
2026-08-14,Google Play,RO,0
2026-08-14,Google Play,RU,0
2026-08-14,Google Play,SV,0
2026-08-14,Google Play,TT,0
2026-08-14,Google Play,US,0
2026-08-14,Google Play,UY,0
2026-08-14,Google Play,VE,0
2026-08-15,App Store,AR,1
2026-08-15,App Store,BR,5
2026-08-15,App Store,ES,8
2026-08-15,App Store,GB,1
2026-08-15,App Store,MX,6
2026-08-15,App Store,PL,2
2026-08-15,App Store,PY,1
2026-08-15,App Store,US,1
2026-08-15,Google Play,AR,1
2026-08-15,Google Play,BR,7
2026-08-15,Google Play,BY,0
2026-08-15,Google Play,CA,0
2026-08-15,Google Play,CD,0
2026-08-15,Google Play,CI,0
2026-08-15,Google Play,CL,0
2026-08-15,Google Play,CO,0
2026-08-15,Google Play,CR,0
2026-08-15,Google Play,DO,0
2026-08-15,Google Play,EC,0
2026-08-15,Google Play,ES,1
2026-08-15,Google Play,FR,0
2026-08-15,Google Play,GT,0
2026-08-15,Google Play,HN,0
2026-08-15,Google Play,IL,0
2026-08-15,Google Play,IT,0
2026-08-15,Google Play,JP,0
2026-08-15,Google Play,KE,0
2026-08-15,Google Play,LB,0
2026-08-15,Google Play,MX,1
2026-08-15,Google Play,MY,0
2026-08-15,Google Play,NG,0
2026-08-15,Google Play,PE,0
2026-08-15,Google Play,PH,0
2026-08-15,Google Play,PR,0
2026-08-15,Google Play,PT,0
2026-08-15,Google Play,PY,0
2026-08-15,Google Play,RO,0
2026-08-15,Google Play,RU,0
2026-08-15,Google Play,SV,0
2026-08-15,Google Play,TT,0
2026-08-15,Google Play,US,0
2026-08-15,Google Play,UY,1
2026-08-15,Google Play,VE,0
2026-08-16,App Store,BR,6
2026-08-16,App Store,EC,1
2026-08-16,App Store,ES,1
2026-08-16,App Store,MX,3
2026-08-16,App Store,US,2
2026-08-16,Google Play,??,1
2026-08-16,Google Play,AR,1
2026-08-16,Google Play,BR,5
2026-08-16,Google Play,BY,0
2026-08-16,Google Play,CA,0
2026-08-16,Google Play,CD,0
2026-08-16,Google Play,CI,0
2026-08-16,Google Play,CL,1
2026-08-16,Google Play,CO,0
2026-08-16,Google Play,CR,0
2026-08-16,Google Play,DO,0
2026-08-16,Google Play,EC,3
2026-08-16,Google Play,ES,1
2026-08-16,Google Play,FR,0
2026-08-16,Google Play,GT,0
2026-08-16,Google Play,HN,0
2026-08-16,Google Play,IL,0
2026-08-16,Google Play,IT,0
2026-08-16,Google Play,JP,0
2026-08-16,Google Play,KE,0
2026-08-16,Google Play,LB,0
2026-08-16,Google Play,MX,1
2026-08-16,Google Play,MY,0
2026-08-16,Google Play,NG,0
2026-08-16,Google Play,PE,0
2026-08-16,Google Play,PH,0
2026-08-16,Google Play,PR,0
2026-08-16,Google Play,PT,0
2026-08-16,Google Play,PY,0
2026-08-16,Google Play,RO,0
2026-08-16,Google Play,RU,1
2026-08-16,Google Play,SV,0
2026-08-16,Google Play,TT,0
2026-08-16,Google Play,US,0
2026-08-16,Google Play,UY,1
2026-08-16,Google Play,VE,0
2026-08-17,App Store,AR,2
2026-08-17,App Store,BR,13
2026-08-17,App Store,EC,1
2026-08-17,App Store,ES,11
2026-08-17,App Store,MX,1
2026-08-17,App Store,PE,1
2026-08-17,App Store,PT,2
2026-08-17,App Store,PY,1
2026-08-17,App Store,US,1
2026-08-17,App Store,UY,2
2026-08-17,Google Play,AR,0
2026-08-17,Google Play,BR,3
2026-08-17,Google Play,BY,0
2026-08-17,Google Play,CA,0
2026-08-17,Google Play,CD,0
2026-08-17,Google Play,CI,0
2026-08-17,Google Play,CL,0
2026-08-17,Google Play,CO,1
2026-08-17,Google Play,CR,0
2026-08-17,Google Play,DO,0
2026-08-17,Google Play,EC,0
2026-08-17,Google Play,ES,6
2026-08-17,Google Play,FR,0
2026-08-17,Google Play,GT,0
2026-08-17,Google Play,HN,0
2026-08-17,Google Play,IL,0
2026-08-17,Google Play,IT,0
2026-08-17,Google Play,JP,0
2026-08-17,Google Play,KE,0
2026-08-17,Google Play,LB,0
2026-08-17,Google Play,MX,0
2026-08-17,Google Play,NG,0
2026-08-17,Google Play,PE,0
2026-08-17,Google Play,PH,0
2026-08-17,Google Play,PR,0
2026-08-17,Google Play,PT,0
2026-08-17,Google Play,PY,0
2026-08-17,Google Play,RO,0
2026-08-17,Google Play,RU,0
2026-08-17,Google Play,SV,0
2026-08-17,Google Play,TT,0
2026-08-17,Google Play,US,0
2026-08-17,Google Play,UY,2
2026-08-17,Google Play,VE,0
2026-08-18,App Store,AR,2
2026-08-18,App Store,BR,18
2026-08-18,App Store,ES,3
2026-08-18,App Store,MX,3
2026-08-18,App Store,PE,1
2026-08-18,App Store,PY,1
2026-08-18,App Store,UY,1
2026-08-18,Google Play,AR,0
2026-08-18,Google Play,BR,2
2026-08-18,Google Play,BY,0
2026-08-18,Google Play,CA,0
2026-08-18,Google Play,CD,0
2026-08-18,Google Play,CI,0
2026-08-18,Google Play,CL,0
2026-08-18,Google Play,CO,0
2026-08-18,Google Play,CR,0
2026-08-18,Google Play,DO,0
2026-08-18,Google Play,EC,0
2026-08-18,Google Play,ES,0
2026-08-18,Google Play,FR,0
2026-08-18,Google Play,GT,0
2026-08-18,Google Play,HN,0
2026-08-18,Google Play,IL,0
2026-08-18,Google Play,IT,1
2026-08-18,Google Play,JP,0
2026-08-18,Google Play,KE,0
2026-08-18,Google Play,LB,0
2026-08-18,Google Play,MX,0
2026-08-18,Google Play,NG,0
2026-08-18,Google Play,PE,0
2026-08-18,Google Play,PH,0
2026-08-18,Google Play,PR,0
2026-08-18,Google Play,PT,0
2026-08-18,Google Play,PY,0
2026-08-18,Google Play,RO,0
2026-08-18,Google Play,RU,0
2026-08-18,Google Play,SV,0
2026-08-18,Google Play,TT,0
2026-08-18,Google Play,US,0
2026-08-18,Google Play,UY,3
2026-08-18,Google Play,VE,0
2026-08-18,Google Play,ZA,1
2026-08-19,App Store,AR,1
2026-08-19,App Store,BR,5
2026-08-19,App Store,CO,1
2026-08-19,App Store,ES,2
2026-08-19,App Store,MX,6
2026-08-19,App Store,US,1
2026-08-19,App Store,UY,2
2026-08-19,Google Play,AR,2
2026-08-19,Google Play,BR,2
2026-08-19,Google Play,BY,0
2026-08-19,Google Play,CA,0
2026-08-19,Google Play,CD,0
2026-08-19,Google Play,CI,0
2026-08-19,Google Play,CL,0
2026-08-19,Google Play,CO,0
2026-08-19,Google Play,CR,0
2026-08-19,Google Play,DO,0
2026-08-19,Google Play,EC,0
2026-08-19,Google Play,ES,0
2026-08-19,Google Play,FR,0
2026-08-19,Google Play,GT,0
2026-08-19,Google Play,HN,0
2026-08-19,Google Play,IL,0
2026-08-19,Google Play,IT,0
2026-08-19,Google Play,JP,0
2026-08-19,Google Play,KE,0
2026-08-19,Google Play,LB,0
2026-08-19,Google Play,MX,5
2026-08-19,Google Play,NG,0
2026-08-19,Google Play,PE,0
2026-08-19,Google Play,PH,0
2026-08-19,Google Play,PR,0
2026-08-19,Google Play,PT,1
2026-08-19,Google Play,PY,1
2026-08-19,Google Play,RO,0
2026-08-19,Google Play,RU,0
2026-08-19,Google Play,SV,0
2026-08-19,Google Play,TT,0
2026-08-19,Google Play,US,0
2026-08-19,Google Play,UY,0
2026-08-19,Google Play,VE,0
2026-08-20,App Store,AR,2
2026-08-20,App Store,BR,5
2026-08-20,App Store,ES,3
2026-08-20,App Store,MX,1
2026-08-20,App Store,US,3
2026-08-20,Google Play,AR,1
2026-08-20,Google Play,BR,3
2026-08-20,Google Play,BY,0
2026-08-20,Google Play,CA,0
2026-08-20,Google Play,CD,0
2026-08-20,Google Play,CI,1
2026-08-20,Google Play,CL,1
2026-08-20,Google Play,CO,0
2026-08-20,Google Play,CR,0
2026-08-20,Google Play,DO,0
2026-08-20,Google Play,EC,0
2026-08-20,Google Play,ES,1
2026-08-20,Google Play,FR,0
2026-08-20,Google Play,GT,0
2026-08-20,Google Play,HN,0
2026-08-20,Google Play,IL,0
2026-08-20,Google Play,IT,0
2026-08-20,Google Play,JP,0
2026-08-20,Google Play,KE,0
2026-08-20,Google Play,LB,0
2026-08-20,Google Play,MX,1
2026-08-20,Google Play,NG,0
2026-08-20,Google Play,PE,0
2026-08-20,Google Play,PH,0
2026-08-20,Google Play,PR,0
2026-08-20,Google Play,PT,0
2026-08-20,Google Play,PY,0
2026-08-20,Google Play,RO,0
2026-08-20,Google Play,RU,0
2026-08-20,Google Play,SV,0
2026-08-20,Google Play,TT,0
2026-08-20,Google Play,US,0
2026-08-20,Google Play,UY,0
2026-08-20,Google Play,VE,0
2026-08-21,App Store,AR,3
2026-08-21,App Store,BR,1
2026-08-21,App Store,CO,1
2026-08-21,App Store,EC,2
2026-08-21,App Store,ES,5
2026-08-21,App Store,MX,2
2026-08-21,App Store,US,4
2026-08-21,Google Play,??,2
2026-08-21,Google Play,AR,1
2026-08-21,Google Play,BE,1
2026-08-21,Google Play,BR,3
2026-08-21,Google Play,BY,0
2026-08-21,Google Play,CA,0
2026-08-21,Google Play,CD,0
2026-08-21,Google Play,CI,0
2026-08-21,Google Play,CL,0
2026-08-21,Google Play,CO,0
2026-08-21,Google Play,CR,0
2026-08-21,Google Play,DO,0
2026-08-21,Google Play,EC,0
2026-08-21,Google Play,ES,1
2026-08-21,Google Play,FR,0
2026-08-21,Google Play,GT,0
2026-08-21,Google Play,HN,0
2026-08-21,Google Play,IL,0
2026-08-21,Google Play,IT,0
2026-08-21,Google Play,JP,0
2026-08-21,Google Play,KE,0
2026-08-21,Google Play,LB,0
2026-08-21,Google Play,MX,1
2026-08-21,Google Play,NG,0
2026-08-21,Google Play,PE,0
2026-08-21,Google Play,PH,0
2026-08-21,Google Play,PR,0
2026-08-21,Google Play,PT,0
2026-08-21,Google Play,PY,0
2026-08-21,Google Play,RO,0
2026-08-21,Google Play,RU,2
2026-08-21,Google Play,SV,0
2026-08-21,Google Play,TT,0
2026-08-21,Google Play,US,0
2026-08-21,Google Play,UY,0
2026-08-21,Google Play,VE,0
2026-08-22,App Store,AR,1
2026-08-22,App Store,BR,3
2026-08-22,App Store,CO,1
2026-08-22,App Store,ES,2
2026-08-22,App Store,GT,1
2026-08-22,App Store,MX,4
2026-08-22,App Store,PY,1
2026-08-22,App Store,US,1
2026-08-23,App Store,BR,1
2026-08-23,App Store,EC,1
2026-08-23,App Store,ES,2
2026-08-23,App Store,MX,5
2026-08-23,App Store,PE,1
2026-08-23,App Store,SV,2
2026-08-24,App Store,AR,2
2026-08-24,App Store,BR,3
2026-08-24,App Store,ES,11
2026-08-24,App Store,MX,5
2026-08-24,App Store,US,2
2026-08-25,App Store,AR,2
2026-08-25,App Store,BR,1
2026-08-25,App Store,CL,1
2026-08-25,App Store,EC,1
2026-08-25,App Store,ES,30
2026-08-25,App Store,MX,5
2026-08-25,App Store,PE,3
2026-08-25,App Store,US,2
2026-08-26,App Store,AR,3
2026-08-26,App Store,BR,2
2026-08-26,App Store,EC,1
2026-08-26,App Store,ES,7
2026-08-26,App Store,MX,8
2026-08-26,App Store,PE,1
2026-08-27,App Store,AR,11
2026-08-27,App Store,BR,3
2026-08-27,App Store,CL,2
2026-08-27,App Store,CO,1
2026-08-27,App Store,EC,1
2026-08-27,App Store,ES,5
2026-08-27,App Store,GB,1
2026-08-27,App Store,GT,1
2026-08-27,App Store,MX,5
2026-08-27,App Store,PE,1
2026-08-27,App Store,PY,1
2026-08-27,App Store,US,5
2026-08-28,App Store,AR,5
2026-08-28,App Store,AU,1
2026-08-28,App Store,BR,2
2026-08-28,App Store,CO,1
2026-08-28,App Store,CR,1
2026-08-28,App Store,DE,1
2026-08-28,App Store,EC,4
2026-08-28,App Store,ES,7
2026-08-28,App Store,MX,12
2026-08-28,App Store,PA,2
2026-08-28,App Store,PY,2
2026-08-28,App Store,SE,2
2026-08-28,App Store,US,5
2026-08-28,App Store,UY,1
2026-08-29,App Store,AR,3
2026-08-29,App Store,BR,4
2026-08-29,App Store,CL,2
2026-08-29,App Store,CO,2
2026-08-29,App Store,DO,1
2026-08-29,App Store,EC,1
2026-08-29,App Store,ES,2
2026-08-29,App Store,MX,7
2026-08-29,App Store,PE,7
2026-08-29,App Store,US,5
2026-08-29,App Store,UY,1
2026-08-30,App Store,AR,2
2026-08-30,App Store,BR,5
2026-08-30,App Store,CL,1
2026-08-30,App Store,ES,8
2026-08-30,App Store,GT,1
2026-08-30,App Store,MX,11
2026-08-30,App Store,PE,1
2026-08-30,App Store,PY,3
2026-08-30,App Store,SV,1
2026-08-30,App Store,US,8
2026-08-30,App Store,UY,1
2026-08-30,App Store,VE,1
2026-08-31,App Store,AR,3
2026-08-31,App Store,BR,3
2026-08-31,App Store,ES,11
2026-08-31,App Store,FR,1
2026-08-31,App Store,GT,2
2026-08-31,App Store,HN,1
2026-08-31,App Store,MX,6
2026-08-31,App Store,US,2
2026-08-31,App Store,UY,1
2026-09-01,App Store,AR,5
2026-09-01,App Store,BR,6
2026-09-01,App Store,CO,2
2026-09-01,App Store,CR,1
2026-09-01,App Store,EC,1
2026-09-01,App Store,ES,4
2026-09-01,App Store,MX,14
2026-09-01,App Store,PE,1
2026-09-01,App Store,US,1
2026-09-02,App Store,AR,2
2026-09-02,App Store,BR,6
2026-09-02,App Store,CO,1
2026-09-02,App Store,ES,7
2026-09-02,App Store,GB,1
2026-09-02,App Store,MX,17
2026-09-02,App Store,PA,1
2026-09-02,App Store,PE,1
2026-09-02,App Store,US,2
2026-09-03,App Store,AR,2
2026-09-03,App Store,BR,2
2026-09-03,App Store,ES,5
2026-09-03,App Store,GT,4
2026-09-03,App Store,HN,1
2026-09-03,App Store,MX,12
2026-09-03,App Store,PE,1
2026-09-03,App Store,PY,1
2026-09-03,App Store,US,4
2026-09-04,App Store,AR,4
2026-09-04,App Store,BR,4
2026-09-04,App Store,ES,6
2026-09-04,App Store,GT,1
2026-09-04,App Store,MX,2
2026-09-04,App Store,PY,1
2026-09-04,App Store,US,1
2026-09-04,App Store,UY,1
2026-09-05,App Store,AR,4
2026-09-05,App Store,BR,8
2026-09-05,App Store,CO,1
2026-09-05,App Store,ES,6
2026-09-05,App Store,MX,6
2026-09-05,App Store,PY,3
2026-09-05,App Store,SE,1
2026-09-05,App Store,UY,1
2026-09-06,App Store,AR,1
2026-09-06,App Store,BR,5
2026-09-06,App Store,ES,3
2026-09-06,App Store,GT,1
2026-09-06,App Store,MX,7
2026-09-06,App Store,PE,1
2026-09-06,App Store,PY,1
2026-09-06,App Store,SV,1
2026-09-06,App Store,US,3
2026-09-07,App Store,AR,1
2026-09-07,App Store,BR,4
2026-09-07,App Store,CO,1
2026-09-07,App Store,EC,2
2026-09-07,App Store,ES,1
2026-09-07,App Store,GT,2
2026-09-07,App Store,MX,3
2026-09-07,App Store,SV,3
2026-09-07,App Store,US,4
2026-09-07,App Store,UY,1
